<?xml version="1.0" encoding="UTF-8"?>
<project-private xmlns="http://www.netbeans.org/ns/project-private/1">
    <editor-bookmarks xmlns="http://www.netbeans.org/ns/editor-bookmarks/2" lastBookmarkId="0"/>
    <open-files xmlns="http://www.netbeans.org/ns/projectui-open-files/2">
        <group>
            <file>file:/C:/Users/mv0003/Documents/NetBeansProjects/Course_Scheduler_Beta/src/course_scheduler_beta/Course_Scheduler_Beta.java</file>
            <file>file:/C:/Users/mv0003/Documents/NetBeansProjects/Course_Scheduler_Beta/src/course_scheduler_beta/Teacher.java</file>
            <file>file:/C:/Users/mv0003/Documents/NetBeansProjects/Course_Scheduler_Beta/src/course_scheduler_beta/Parser.java</file>
            <file>file:/C:/Users/mv0003/Documents/NetBeansProjects/Course_Scheduler_Beta/src/course_scheduler_beta/Course.java</file>
        </group>
    </open-files>
</project-private>
